,title,upload_date,view_count,tempo_desde_pub,y
318,Mindset /w Killa Keim (From DownTown) | BBOY.ONLINE x BreakAdvice,2021-03-11,4728,201.0,0.0
319,BBOY ZOOPREME | MUSIC IN HIS SOUL üé∂,2021-09-22,1356,6.0,1.0
323,BBOY ZOOTY ZOOT | AMAZING FLOW üåä,2021-09-14,2902,14.0,1.0
326,Bboy music 2021- run it,2021-10-02,43,-4.0,0.0
327,Red Bull BC One B-Boy Cypher Japan 2021 | LIVESTREAM,2021-09-26,50041,2.0,1.0
346,bboy shigekix #shorts,2021-10-02,10,-4.0,1.0
347,"BBOY MENNO ""ALGORITHM"" | EVOLUTION OF FLOW",2021-07-26,2364,64.0,0.0
350,#ClubParis2024 - D√©fi breaking Bgirl Carlota & Bboy Lagaet,2020-09-08,1010,385.0,0.0
355,BBOY ISSEI (KOS√â 8ROCKS) Recap | 2020 & 2021 „Éû„Ç§„Éä„ÉìDANCE ALIVE HERO'S FINAL,2021-07-17,4628,73.0,1.0
356,Bboy Mixtape / Bboy Mixtape 2021 / Fresh Bboy Music,2021-10-01,716,-3.0,1.0
357,B-Boy Neguin's BEST moments | 10 YEARS of Red Bull BC One All Stars,2021-03-18,494806,194.0,1.0
365,"BBOY MACHINE ""STILL HUNGRY"" | ALWAYS 100%",2021-08-04,438,55.0,1.0
376,TOP SETS of JeonJu Bboy Grand Prix 2021 (Ï†ÑÏ£º ÎπÑÎ≥¥Ïù¥ Í∑∏ÎûëÌîÑÎ¶¨ 2021 Î™ÖÏû•Î©¥) | KoreanRoc.,2021-05-31,8098,120.0,1.0
383,BBOY RUSH // PRACTICE SESSION,2021-09-23,487,5.0,0.0
391,practice üí™.    #like #youtube #breaking #bboynickindia #bboying #bboy #practice,2021-10-02,565,-4.0,0.0
393,Fusik - Cypher Black | BBOY BEAT | BreakBeat | BBOY MUSIC 2021,2021-10-01,125,-3.0,0.0
397,djblesOne - save me | BBOY BEAT | BreakBeat | BBOY MUSIC 2021,2021-10-02,102,-4.0,0.0
418,How to Breakdance | 6 Step | Footwork 101,2011-09-19,3262926,3662.0,1.0
428,BC One Squad vs Masters of Murda [top 4] // stance // BBOY CITY 2021,2021-09-28,7958,0.0,1.0
431,B-Boy Nord Diamond vs. B-Boy Tirock | Outbreak Europe | The Legits Blast 2021,2021-07-26,27517,64.0,1.0
434,B-Boy Shaymin vs. B-Boy Moa | Red Bull BC One Cypher Switzerland B-Boy Final Breaking Battle,2019-10-02,11124,727.0,1.0
439,TOP SET BBOY POWERMOVE ‚òÜ MOST FAMOUS,2021-08-26,2438,33.0,0.0
449,New! BBOY ICEY IVES // RAW PRACTICE SESSION,2021-10-01,383,-3.0,1.0
476,BBOY KASTRITO Recap | Champion | Powermoves Battle | Red Bull BC One Camp USA 2021,2021-08-24,1557,35.0,0.0
477,EPIC SONGS OF REDBULL BC ONE | BBOY MUSIC 2021,2021-05-12,8858,139.0,1.0
482,B-Boy Junior | World Bboy Classic Feature Series,2020-09-09,3470,384.0,1.0
487,Plasteed - Black Magic | BBOY BEAT | BreakBeat | BBOY MUSIC 2021,2021-10-02,144,-4.0,0.0
492,Bboy Music / Dj Ice T - Boty 2008 / Bboy Mixtape,2021-09-11,1711,17.0,1.0
494,Bboy Sunni at World Bboy Classic 2018,2018-07-17,22325,1169.0,1.0
504,Bboyworld Mixtape // Bboy World,2017-09-13,4037,1476.0,1.0
521,Bboy Froz practice,2021-10-02,12,-4.0,0.0
527,Bboy Pac Pac | Best Moments (Compilation),2021-09-01,4424,27.0,1.0
531,WORLD BBOY CLASSIC 2019 | OFFICIAL GREAT 8,2019-08-26,7351,764.0,1.0
533,Bboy Beginner Tutorial | How to Instantly Improve Your Footwork | BreakDance Decoded,2015-09-28,55931,2192.0,1.0
541,Bboy Music Mixtape 2021 // Breaking Battle & Chyper Mix,2021-09-30,2603,-2.0,1.0
542,BBOY TAISUKE // RARE FOOTAGES,2021-09-08,3364,20.0,1.0
545,10 Craziest momments / bboy Junior Redbull Bc One Allstar,2021-05-06,713,145.0,1.0
552,JBL Unbreakable 2021- 1vs1 Bboy Semi final Nord Diamond vs Amir,2021-09-20,5571,8.0,1.0
566,BBOY MORRIS Recap | Champion | Red Bull BC One Cypher USA 2021,2021-08-22,1833,37.0,1.0
567,BBOY LIL ZOO - TOP 10 SET,2021-08-15,3388,44.0,1.0
580,BBOY ZTIMPY VS BBOY MATITA//BREAK X GRAND JAM 2021 //TOP 32 BATTLE// AND NEXT DAY CALL OUT BY MATITA,2021-04-25,3508,156.0,0.0
582,Dj Nobunaga | Rusya Jam Crew | Bboy Music 4 Life 2018,2018-01-14,1014836,1353.0,1.0
589,BBOY ISSEI - Top 10 Sets,2017-07-01,460635,1550.0,1.0
591,BBOY - Cop√£o Na Minha M√£o (Freestyle),2021-01-01,5453,270.0,0.0
599,Bboy Luka | BELIEVE |  Red Bull BC ONE 2018 Training,2018-09-10,6308,1114.0,1.0
605,Red bull Cypher Fortaleza 2021 Bboy denner vs Bboy.??,2021-09-12,453,16.0,1.0
610,POWERMOVES BBOY TARCIO üî•,2021-03-26,303,186.0,1.0
618,How to Breakdance | 2 Step | Footwork 101,2012-01-12,298184,3547.0,1.0
619,Gusen vs Lil Jam | Final | Bboy 1on1 | Invincible Breaking Jam 2021,2021-05-18,2022,133.0,1.0
630,JBL Unbreakable 2021- 1vs1 Bboy Final Mighty Jim vs Amir,2021-09-20,8167,8.0,1.0
631,Bboy Music / Cypher Bboy Mixtape for Traning üî• Vol.8,2021-09-29,516,-1.0,1.0
637,bboy hill #shorts,2021-09-29,201,-1.0,0.0
645,BBOY CREW BATTLE 5 VS 5 | FINAL | IBE 2016,2016-08-07,167385,1878.0,1.0
648,"Recap Bboy Pocket & Bboy Kill ""Seoul Killer"" | BBIC Korea 2021",2021-09-14,10743,14.0,1.0
653,HEAD SPIN BATTLE„ÄÄBBOY KAKU„ÄÄvs„ÄÄBBOY TSUKKI„ÄÄ/„ÄÄRed Bull BC One 2017 Japan Cypher,2017-08-06,341490,1514.0,1.0
673,2016 BBOY G NON SUMMER PRACTICE OUTDOOR,2016-11-11,4066,1782.0,0.0
675,B-Boy Harlekin vs. B-Boy Cicov | Final | Red Bull BC One Cypher Austria 2019,2019-04-14,20924,898.0,1.0
679,BBoy Francklin VS BBoy Tsong - Battle One One World Finals,2020-09-26,4335,367.0,1.0
685,bboy 2000s practice,2021-10-01,6,-3.0,1.0
688,B-Boy Lil Zoo vs. B-Boy Alkolil | BREAK THE GAME | Season 6,2021-03-12,753625,200.0,1.0
694,BBOY KHALIL (Legiteam Obstruxion) Recap | Championnat De France Breaking 2021,2021-09-05,1737,23.0,0.0
697,Ê≥ïÂúãÊúÄÂº∑‰ΩÜ‰πüÊúÄÊ≤íÂìÅÁöÑÊà∞Á•û! Bboy Lilou! Reaction to B-Boy Lilou vs B-Boy Alcolil Red Bull BC One World Final 2014,2020-09-23,25107,370.0,0.0
709,Bboy Menno | Trailer | Greatest World Champion üî•,2021-08-06,4122,53.0,1.0
716,BBoy Shlag VS BBoy Marswater - Battle One One World Finals,2020-09-26,2636,367.0,0.0
733,C Lil vs Shlag // .BBoy World // BBOY 1on1 EIGHT-FINAL | HIP OPSESSION 2015,2015-02-23,11805,2409.0,0.0
737,B-Boy Lil Zoo vs B-Boy Alkolil | Semifinal | Red Bull BC One World Final Austria 2020,2020-11-29,90590,303.0,1.0
752,Dj Gamra -Tunisian Breaking Camp 2021 -BBoy mixtape | Bboy Music 4 Life 2021,2021-09-01,2898,27.0,0.0
753,Bboy Lilou - Bad compilation 2021,2021-04-02,5259,179.0,1.0
760,Bboy Zoopreme at Unbreakable 2021,2021-09-24,11385,4.0,1.0
763,B-Boy Lussy Sky | World Bboy Classic Feature Series,2020-08-05,2714,419.0,1.0
764,BBOY HAYATO1 Breakin' Basic 1min Tutorial Intro&Outro of Freeze with Go Down/„Éâ„É≠„ÉÉ„Éó„Çí‰Ωø„Å£„Åü„Éï„É™„Éº„Ç∫„ÅÆÂÖ•„ÇäÊñπ„Å®Ëß£Èô§„ÅÆÂü∫Êú¨,2021-09-30,2322,-2.0,0.0
768,BBOY LEE Recap | Champion | Floor Wars 2021,2021-06-14,5508,106.0,0.0
770,"How to Breakdance | Footwork Combination | Intact (Ruffneck Attack, Ukraine)",2013-11-15,1421829,2874.0,1.0
780,HYPEST SETS OF WORLD BBOY CLASSIC 2018!,2018-07-06,2410482,1180.0,1.0
804,HOPE 4 HIP HOP DANCE ACADEMY//SHOWCASE// BBOY CITY 2021//AUSTIN TX,2021-10-02,31,-4.0,0.0
819,Dj LEG1ONER - Get up and Dance | BBOY BEAT | BreakBeat | BBOY MUSIC 2021,2021-10-03,3,-5.0,1.0
823,How to Breakdance | Your First Breakdancing Lesson | FOOTWORK Fundamentals,2018-09-13,1015,1111.0,1.0
835,B-Boy Victor's BEST moments | 10 YEARS of Red Bull BC One All Stars,2021-05-01,17468,150.0,1.0
836,Fusik - Flatfoot | BBOY BEAT | BreakBeat | BBOY MUSIC 2021,2021-09-29,182,-1.0,0.0
837,Keep Your Dreams vs Dancing on Air // stance // BBOY CITY 2021,2021-09-28,2293,0.0,0.0
838,How to Breakdance | 4 Step | Footwork 101,2011-09-27,439404,3654.0,1.0
860,Bboy Music / Bboy Mixtape For Your Practice,2021-08-20,7862,39.0,1.0
863,BBOY BART VS BBOY LEE -rea√ß√£o an√°lise  (REDBULLBCONE 2021),2021-06-28,616,92.0,1.0
880,Bboy Shorty Force üëë (We Got Seoul) BombJam Korea (HD),2021-09-24,280,4.0,0.0
884,BBOY ALKOLIL // PRACTICE SESSION,2021-08-30,10170,29.0,1.0
885,BBOY FLY JAM VS BBOY MACHA (RED BULL BC ONE FORTALEZA 2021),2021-09-12,457,16.0,0.0
887,Red bull Cypher Fortaleza 2021 FINAL Bboys - Bboy Dnilson vs Bboy Mancha,2021-09-12,3021,16.0,0.0
888,Bboy Lil Zoo at World Bboy Classic 2018,2018-07-10,359193,1176.0,1.0
895,TOP SET BBOY 2021 üî• ON FIRE,2021-09-20,8502,8.0,1.0
921,KID RAINEN vs KID GLYDE  [bboy semi] // stance // TEXAS GREAKIN OPEN 2021,2021-03-30,2739,182.0,0.0
928,"Recap Bboy Victor ""Look Fresh"" | BBOY CITY XXVII 2021",2021-09-27,160,1.0,1.0
940,Bboy Hong 10 2021 | HONG '10 ROUNDS' - Part 1 // DISTCTARTS,2021-05-06,5574,145.0,1.0
947,Bboy Xak (ESP) vs Bboy Hatsolo (FIN) | 2021 WDSF European Breaking - Battle for the 3rd place,2021-06-27,3988,93.0,0.0
959,Simon & Rateb vs Khalil & Tchantcho | TOP 16 | World BBoy Classic World Final 2019,2019-09-10,12329,749.0,0.0
974,Red Bull BC One B-Boy Cypher USA 2021 | LIVESTREAM,2021-08-22,77074,37.0,0.0
979,B-Boy Hong 10's BEST moments | 10 YEARS of Red Bull BC One All Stars,2021-03-06,47251,206.0,1.0
983,BBOY SHLAG | World Bboy Classic 2016,2016-06-07,6415,1939.0,0.0
984,BBOY WILLY - BEST SETS 2018,2018-02-23,195067,1313.0,1.0
985,TOP SETS | Bboy Lil G | Red Bull BC One E-Battle 2021,2021-06-26,936,94.0,1.0
986,B-Boy Issei vs B-Boy Hong 10 | Final | Red Bull BC One World Final 2016,2016-12-03,6785507,1760.0,1.0
994,ÎπÑÍ∞ÄÏò§Î©¥ ÎÇú Î∏åÎ†àÏù¥ÌÅ¨ÎåÑÏä§Î•º Ï∂∞ #Shorts #bboy,2021-10-03,609,-5.0,0.0
1011,B-Boy Kid Colombia vs. B-Boy Junior | BREAK THE GAME,2019-09-19,218347,740.0,1.0
1012,"Why Jams Aren't Dead in 2021 with bboy Moy, BreakFree WorldWide // THE KNOWLEDGE DROP | BBOY DOJO",2021-04-16,547,165.0,0.0
1016,Renegade Rockers vs Havikoro [top 4] // stance // BBOY CITY 2021,2021-09-28,6168,0.0,0.0
1017,"How to Breakdance | Footwork Combination | Intact (Ruffneck Attack, Ukraine)",2013-11-15,1421829,2874.0,1.0
1021,Bboy Issei  practice,2021-07-29,800,61.0,1.0
1022,BBOY J-ONE || WORLD BBOY CLASSIC 2017,2017-06-19,20700,1562.0,0.0
1046,BBOY TAWFIQ Recap | Champion | Floor Wars 2021,2021-06-18,582,102.0,0.0
1047,BBOY KUZYA Recap | New Era Battle 2021,2021-07-01,880,89.0,0.0
1049,Kid Colombia & Justen vs Skychief & Willy | WORLD BBOY CLASSIC 2017,2017-06-18,160594,1563.0,0.0
1068,TSUKKI (age 12) vs RAPTOR (age 11) // .stance // Taipei Bboy City 2018,2018-12-02,1984566,1031.0,1.0
1070,Amazing MOMENTS at Bboy City USA 2020 // .stance,2020-10-14,13656,349.0,1.0
1074,BBoy Issue - the movement arena 2021 - Judges Presentation,2021-09-28,92,0.0,1.0
1108,NEW ‚ñ∂ TOP SETS BBOY 2018  BEST BBOYS IN THE WORLD // PAAW,2018-07-10,395055,1176.0,1.0
1113,BBOY HIJACK Recap | Red Bull BC One Cypher Boston 2021,2021-08-09,1288,50.0,0.0
1117,TSUKKI (age 12) vs RAPTOR (age 11) // .stance // Taipei Bboy City 2018,2018-12-02,1984660,1031.0,1.0
1120,Bboy Music 2021 // New Year Bboy Chyper Mix,2020-12-31,48923,271.0,1.0
1122,Red Bull BC One World Final Austria 2020 Mixtape | Bboy Music Channel 2020,2020-12-22,77877,280.0,0.0
1123,Beetle (RUS) vs Dany (FRA) | BOTY 2018 1V1 BBOY FINAL,2018-11-16,31275,1047.0,0.0
1124,Bboy Thesis | Trailer 2021 (Knuckleheads Cali),2021-09-24,1228,4.0,1.0
1125,"TOP SET BBOY -  bboy thesis, lil zoo, luigi, pac pac, zoopreme, taisuke, etc",2021-07-23,1825,67.0,1.0
1130,Red bull Cypher S√£o Paulo 2021 Bboy Training vs Bboy Sinistro,2021-10-02,178,-4.0,0.0
1131,TOP SETS BBOY 2019 ü§∏‚Äç‚ôÇ BEST ROUNDS,2019-01-19,148944,983.0,0.0
1135,BBoy Bonnes x BBoy Training | RedBull BC One Cypher Curitiba Brasil 2021,2021-10-01,27,-3.0,0.0
1139,Renegade Rockers vs Vicious By Nature [top 8] // stance // BBOY CITY 2021,2021-09-28,3460,0.0,0.0
1141,Bboy Battle Mix 2021 - Cypher Code,2021-01-08,12861,263.0,0.0
1151,World Final Champion B-Boy Shigekix | Red Bull BC One World Final 2020,2020-12-29,27741,273.0,1.0
1154,B-Boy Junior vs B-Boy Physicx | Red Bull BC One Cypher France 2017,2017-07-10,3660308,1541.0,1.0
1155,Ram vs Nao [1on1 B-Girl Semi-Final] ‚ñ∫ TAIPEI BBOY CITY ‚óÑ 2017,2017-12-22,68775,1376.0,0.0
1158,Bboy Tom Last Squad crew vs Bboy arnil redbull bc one France 2021 ( qualification ),2021-05-29,673,122.0,0.0
1162,Red Bull BC One Cypher Holland 2021 | LIVESTREAM,2021-09-26,24605,2.0,0.0
1166,BEST KILL THE BEAT 2018 TOP SETS BBOY // PAAW,2018-03-03,375543,1305.0,0.0
1176,BBOY SHOSEI // PRACTICE SESSION,2021-08-04,838,55.0,1.0
1177,Bboy Yuwma. Unique thread-style bboy goes crazy at Full Throttle July 2021. Who's Got Daily Flava?,2021-07-24,462,66.0,0.0
1183,Breakdancing will be sport at 2024 Olympics,2021-07-30,1093,60.0,0.0
1224,Bboy Mixtape / Bboy Mixtape 2021/ Bboy Music / Dj Energy,2021-09-17,2220,11.0,1.0
1233,Street Bboy dancer - Flava D yourtroubles Tel Aviv,2021-10-02,814,-4.0,0.0
1235,Dj Zapy & Dj Uragun - Eee Dog | Bboy Music 4 Life 2021,2021-08-27,2793,32.0,0.0
1242,BBOY J - ONE üá®üá© NON STOP POWERMOVE,2021-08-15,532,44.0,0.0
1249,WORLD BBOY CLASSIC 2019 | OFFICIAL TRAILER,2019-06-18,3251,833.0,0.0
1253,"Bboy Onel ""No Way"" Trailer 2020 üî•",2020-09-17,25494,376.0,0.0
1275,‚≠êBBOY LUKA - TOP SET BEST POWERMOVES ‚≠ê RED BULL BC ONE CAMP FRANCE,2021-06-11,1843,109.0,1.0
1276,Bboy Bart at World Bboy Classic 2018,2018-07-10,59190,1176.0,0.0
1278,Alvarone & Husky Hask vs Victor & J One | WORLD BBOY CLASSIC 2017,2017-06-19,15979,1562.0,0.0
1289,Dennis Coffey - Ubiquitous | BBOY BEAT | Breakbeat | BBOY MUSIC 2021,2021-10-03,4,-5.0,0.0
1294,Red bull Cypher Fortaleza 2021 Bboy ??? vs Bboy Grilin,2021-09-12,777,16.0,0.0
1310,BEST JUDGE SHOWCASE | BBOY LIL G üáªüá™,2021-10-02,155,-4.0,1.0
1311,"Bboy Kastrito vs Bboy Gato 2021 FINAL (aniversario puchiz, colima)",2021-04-21,5303,160.0,0.0
1339,TOP SETS | Bboy Lee | Champion | Red Bull BC One E-Battle 2021,2021-06-27,3736,93.0,0.0
1371,Bboy Justfit vs Bboy Leon - Quarterfinal - Red Bull BC One Asian Pacific Final 2015,2015-10-18,100467,2172.0,0.0
1394,BBOY ISSIN (Body Carnival) | Japan Star,2021-09-08,1766,20.0,1.0
1402,Bboy Ratin Takes Brazil - Red Bull BC One Brazil Cypher 2015,2015-06-16,74973,2296.0,0.0
1415,How to Breakdance | 3 Step | Footwork 101,2011-10-28,530720,3623.0,0.0
1417,B-Boy Lil Zoo vs B-Boy Philip | Top 8 | Red Bull BC One World Final Austria 2020,2020-11-29,51336,303.0,0.0
1437,B-Boy Lil G vs. B-Boy Shigekix | Break The Game 2020,2020-02-12,130460,594.0,0.0
1453,B-Boy Alkolil vs B-Boy Pac Pac | Top 8 | Red Bull BC One World Final Austria 2020,2020-11-29,88986,303.0,0.0
1456,BC One Squad vs Masters of Mayhem x Shun Murda [prelims] // stance // BBOY CITY 2021,2021-09-25,36140,3.0,0.0
1464,DUTCH BBOY CHAMPIONSHIPS 2021 ! W/ BBoy DOMkey / BREAKDANCE SHOW /JOIN IN,2021-06-07,679,113.0,0.0
1468,Bboy VICTOR at Freestyle Session USA 2021 // stance,2021-07-15,18987,75.0,1.0
1472,B-Boy Lil G's BEST moments | 10 YEARS of Red Bull BC One All Stars,2021-05-03,22949,148.0,0.0
1474,B-Boy Nord Diamond | World Bboy Classic Feature Series,2020-09-23,2438,370.0,1.0
1476,B-Boy Neguin | World BBoy Classic feature series,2020-07-29,3226,426.0,1.0
1492,TOP BBOY SETS OF I LOVE HIPHOP 2021!,2021-09-04,49855,24.0,0.0
1493,B-Boy Shigekix vs B-Boy Kid Karam | Top 8 | Red Bull BC One World Final Austria 2020,2020-11-29,71630,303.0,1.0
1495,BBoy Dotado X BBoy Dinamite | RedBull BC One Cypher Curitiba Brasil 2021,2021-10-01,7,-3.0,0.0
1511,Bboy Kosto (RUS) vs  Bboy Jamal (RUS) | 2021 WDSF European Breaking - The Final,2021-06-27,11699,93.0,0.0
1523,10 insane momments of BBOY KILL ever / Gamblerz crew 2021,2021-05-13,9098,138.0,0.0
1527,DJ QBERT @ BBOY CITY XXVII [livestream] // .stance,2021-09-26,2432,2.0,0.0
1532,ALL OF CRAZIEST bboy Vero ever/ JinJo crew,2021-06-09,1848,111.0,0.0
1541,B-Boy Neguin's BEST moments | 10 YEARS of Red Bull BC One All Stars,2021-03-18,494806,194.0,1.0
1547,KID RAINEN vs MORRIS [bboy finals] // stance // TEXAS BREAKIN OPEN 2021,2021-03-29,10191,183.0,0.0
1549,bboy heady artistreet Korea BBIC Battle 2021 #shorts #bboy,2021-09-29,400,-1.0,0.0
1550,RED BULL BC ONE NIGERIA LAGOS CYPHER  || BBOY LYRICX JUDGE SHOWCASE,2021-10-01,1628,-3.0,0.0
1556,HD vs Ozzi / BBOY SEMI FINAL / NK Breaking 2021,2021-09-14,10893,14.0,0.0
1560,Dj Spray - Si Me Ves Volar (Remastered) | BBOY BEAT | BreakBeat | BBOY MUSIC 2021,2021-10-01,190,-3.0,0.0
1574,JBL Unbreakable 2021- 1vs1 Bboy Semi final Mighty Jim vs Illz,2021-09-20,4027,8.0,1.0
1597,Taipei Bboy City Online Final Round - Lil G vs Malish,2020-10-27,21144,336.0,1.0
1601,BBOY POCKET NEXT LEVEL 2019,2019-02-03,309515,968.0,1.0
1603,BC One Squad vs Keep Your Dreams [top 8] // stance // BBOY CITY 2021,2021-09-28,6471,0.0,0.0
1606,BBOY ROXRITE Recap @SECRET BATTLE Red Bull BC One Allstars get Called Out,2021-03-22,125,190.0,1.0
1609,BBOY LILOU & BBOY MENNO Recap | Red Bull Dance Tour France,2021-06-25,881,95.0,1.0
1617,Red bull Cypher S√£o Paulo 2021 FINAL Bboy Luan vs Bboy Training,2021-10-02,631,-4.0,0.0
1330,History of Breakdancing,2015-12-16,1358,2113.0,0.0
810,nyoni & bota performing break dance #shorts #youtubeshorts  #breakdance,2021-10-02,2,-4.0,0.0
1057,Lussy Sky vs Lil G | 3rd Place | Bboy | 2019 WDSF World Breaking Championships,2019-06-23,41059,828.0,1.0
1411,BBOY NOODLE | Bomb Jam 2021,2021-05-17,738,134.0,0.0
820,TOP 10 BBOY Sets VOL6 (BreakDance Compilation 2021),2021-01-22,27583,249.0,0.0
1613,TOP 10 Suicide Moves in Breakdance,2018-03-11,12529200,1297.0,1.0
1105,Breakdancing,2019-08-09,1234,781.0,0.0
869,Jessica Chastain Tricks Michael Fassbender Into Breakdancing - The Graham Norton Show,2017-05-05,1193762,1607.0,0.0
1600,Breakdance in the Sky - Crazy Highline Freestyle Moves,2021-06-09,6191,111.0,0.0
1291,BBOY AMIR // PRACTICE SESSION,2021-09-21,1646,7.0,0.0
1134,BREAK DANCE  BEST MOMENT üî•üî•,2021-05-14,4486,137.0,0.0
436,respect break dance #shorts,2021-10-03,11,-5.0,0.0
1290,Break Dance Kar Ke Traffic Control Karne Wala Pehla Pakistani Traffic Warden,2021-06-19,1012813,101.0,0.0
918,Breakdancing to classical music | DEVINSUPERTRAMP,2010-09-02,1228506,4044.0,0.0
571,THE MONSTER - DJ TEE x Bboy Music Channel,2021-05-08,3662,143.0,0.0
1255,The Lockers - Dance Routine (1975) Hip-Hop (Break Dance) Origins | Music Video 1080p,2017-08-09,117525,1511.0,0.0
1163,BBOY MOA,2021-08-22,388,37.0,0.0
1165,B Boy esse √© fera se liga na treta,2017-07-22,709731,1529.0,0.0
1410,TRIAL BY BREAKDANCING! | Gmod TTT,2020-09-08,323875,385.0,0.0
1045,ùëª ùë©ùíìùíÜùíÇùíå ùíÖùíÇùíèùíÑùíÜ .....,2021-10-02,2,-4.0,0.0
1465,Breakdancing in an alley,2021-09-29,1791,-1.0,0.0
1500,Jeremy Sim to represent Singapore as breakdancing makes debut at 2019 SEA Games,2019-11-25,3357,673.0,0.0
1129,TOP THREE BREAKDANCING | PEOPLE ARE AWESOME,2016-03-15,205644,2023.0,0.0
1006,The Jump Down | Learn Breakdancing for Beginners,2015-03-25,2014,2379.0,0.0
787,Bboy Lorenzo (12 y/o) at World Bboy Classic 2018,2018-07-12,29217,1174.0,0.0
1241,Easy Breakdancing Moves: Freestyle Breakdance Tips,2020-12-17,50,285.0,0.0
1132,BBOY LEE | THE GOLDEN CHILD üåü,2021-09-24,831,4.0,0.0
933,Hershey's Chocolate Bar Breakdancing Commercial,2007-12-23,18782,5028.0,0.0
930,Vin Diesel - How To Break Dance Video (ORIGINAL),2015-05-18,5691672,2325.0,0.0
925,Breakdancing,2020-01-30,646,607.0,0.0
1038,Break Dance / Capoeira - Collaboration - Street Dance Show (Amsterdam 2017),2017-05-27,37114,1585.0,0.0
1100,Nick Offerman Break Dances (Late Night with Jimmy Fallon),2013-03-28,1483826,3106.0,0.0
1430,5 Easy Breakdance Moves Everybody Can Learn | PART II | ùêïùêàùêìùêÄùêãùêàùêìùêò,2021-01-09,20857,262.0,0.0
1268,Bboy Victor HIGHLIGHT üèÜüèÜ // BREAK FREE DAY 2021 // BFWW,2021-08-05,13508,54.0,1.0
1169,Breakdancing Sparrow,2021-10-01,2,-3.0,0.0
1260,Nick Offerman's Life Has Been Devoted to Breakdancing | The Tonight Show Starring Jimmy Fallon,2021-03-12,38479,200.0,0.0
1320,Valorant | 1HP breakdancing,2021-10-01,22,-3.0,0.0
1161,bboy Issei training #short,2021-10-03,12,-5.0,1.0
1190,Breakdancing Has Become Big Business ‚Äì And It's Heading To The Olympics | Sunday TODAY,2019-07-28,34830,793.0,0.0
971,Breakdancing wins IOC support for 2024 Olympics in Paris,2019-06-26,3756,825.0,0.0
598,Epic AFLAC breakdancing duck commercial,2011-07-23,130513,3720.0,0.0
660,F1 Summer Break 2019 ‚Äì Breakdancing,2019-08-12,948502,778.0,0.0
1065,10 Years Of Breakdancing Progression | MagnusMagneto,2020-04-06,6902,540.0,1.0
960,Top 10 Bboy Music of the Week,2016-04-24,877419,1983.0,0.0
1463,B-Boy R One (Erwan) vs B-Boy Pac Pac  | Red Bull BC One Cypher France 2021,2021-06-02,16636,118.0,0.0
1091,"Shaq, LeBron, Dwight Howard All-Star Dance-Off",2007-02-18,37266676,5336.0,0.0
712,Sathi's Rakesh Master Spoof || Garam Sathi Break Dance Classes || Garam Garam Varthalu | Sakshi TV,2020-12-09,298471,293.0,0.0
588,B-Boy Nasty vs. B-Boy Pac Pac | Red Bull BC One Cypher France 2021,2021-05-31,94939,120.0,0.0
1206,B-Boy Nasty vs. B-Boy Luca | Red Bull BC One Cypher France 2021,2021-06-02,6618,118.0,0.0
1148,#1 All Stars | Team no Problems by BBoy,2021-05-08,155,143.0,0.0
1002,Breakdance Workshops in Whistler - come learn breakdancing with Robin Frindte,2020-02-18,496,588.0,0.0
1575,OLD vs NEW | GROOVE SESSION 2017,2017-11-22,4583850,1406.0,1.0
324,"TWICE ""MORE & MORE"" M/V TEASER *THE DANCE BREAK*",2020-05-27,10797321,489.0,0.0
955,Beat Street Roxy Battle,2007-06-29,5131628,5205.0,0.0
1029,My B-Boy Days,2018-03-15,9002957,1293.0,0.0
1450,#freefire#new#break#dance#shot#video#like#share#subscribe#,2021-10-03,20,-5.0,0.0
1323,Break Dance - Esporte ol√≠mpico,2021-07-30,236,60.0,0.0
537,bboy gravity,2021-08-02,7200,57.0,0.0
339,Top 10 Bboys Destrozaron el Beat en Batallas de Baile BREAK DANCe,2021-04-21,33690,160.0,1.0
1042,Tosh.0 - Web Redemption - Breakdancer,2012-02-29,2109458,3499.0,0.0
0,How to Breakdance : CC's Breakdancing Footwork,2008-10-25,735081,4721.0,1.0
1,Breakdance The Movie AKA Breakin - First Battle with Electro Rock,2009-06-14,658147,4489.0,0.0
2,Jakub J√≥zef Orli≈Ñski - Breakdancing & Opera | Classic FM Meets,2019-09-16,102757,743.0,0.0
3,free fire break dance videoüòúüòÜüòÜ,2021-10-02,6,-4.0,0.0
4,¬°Pase de Oro! El break dance extremo conquista a Santi | Audiciones 1 | Got Talent Espa√±a 2017,2017-01-22,3134585,1710.0,0.0
5,Bboy Jeffro at Unbreakable 2021,2021-09-27,1354,1.0,1.0
6,SymphoBreaks (Awesome Energy) - Freestyle Megamix,2014-12-23,4467716,2471.0,0.0
7,HUMILI√â PAR DES ABONN√âS AU BREAK DANCE !!,2017-04-23,2354848,1619.0,0.0
8,Breakdance - Colet√¢nea Pop Internacional - (Vinil Completo - 1984) - Ba√∫ Musical,2020-05-20,24486,496.0,0.0
9,"Miami Cops Stop Dancers in Mall, Then Break It Down",2018-12-17,11933124,1016.0,0.0
10,BBOY PAC PAC üá´üá∑ 2019,2019-11-21,6789,677.0,1.0
11,Break Dancing to be a sport at Olympics 2024,2020-12-22,10031,280.0,1.0
12,B-Boy Shane vs. B-Boy Nazgul | Red Bull BC One Cypher Holland 2021,2021-09-28,4508,0.0,1.0
13,Round for breakdance federation of India 2021|| Bboy wildchild,2021-10-03,12,-5.0,0.0
14,Bboy Battle 2021| Breakin'Vasion After Jam | Keep It Raw | Hip Hop India | Day 1 | New Delhi | P3,2021-10-03,2,-5.0,1.0
15,respectüò± Break Dance Power Movesü•∂üíØ,2021-10-02,49,-4.0,1.0
16,Breakdancing Kitty,2021-09-27,314,1.0,0.0
17,TOP SETS | BBOY ZOOPREME,2020-09-16,36715,377.0,1.0
18,80s breakdancing on us tv,2008-09-27,2639451,4749.0,0.0
19,Tropical Battle 2021 Bboy Maur√≠cio vs Bboy Cear√°,2021-03-07,271,205.0,1.0
20,break dancer player send me request#breakdance#freefireshorts#shorts#short#gyangaming#raistar#viral,2021-10-01,550,-3.0,0.0
21,TOP 10 Kill the Beat in Breakdance,2018-04-26,4659423,1251.0,1.0
22,The Basics of Breakdancing,2020-12-18,318,284.0,0.0
23,Tropical Battle 2021 Bboy Gaara vs  Bboy Ahiru,2021-03-08,264,204.0,0.0
24,Break Dance - Hainlein (Offride) Video Oktoberfest Herbstspektakel Hannover 2021,2021-09-30,1402,-2.0,0.0
25,"HARDER, BETTER, FASTER, STRONGER",2018-09-22,2911882,1102.0,0.0
26,Fingers Breakdance 5,2010-05-01,68285012,4168.0,0.0
27,BREAK DANCER REACTS: BTS Î∞©ÌÉÑÏÜåÎÖÑÎã® DANGER (DANCE PRACTICE),2016-09-25,4710750,1829.0,0.0
28,–ò–Ω–¥–∏–π—Å–∫–∏–π –ë—Ä–µ–π–∫/Indian Break Dance 1987,2009-11-22,718212,4328.0,0.0
29,Bboy Battle Mix üî•,2019-06-07,650071,844.0,0.0
30,NEWCLEUS - JAM ON IT,2010-09-05,52271739,4041.0,0.0
31,Kid Dynamite Vs Lorenzo - Finals  Youth Battle - Silverback Open 2018 - Pro Breaking Tour - BNC,2018-10-31,4128292,1063.0,1.0
32,TOP 10 Kill the Beat in Breakdance,2018-04-26,4659423,1251.0,1.0
33,10 Bboy Battle Songs for Red Bull BC One Final 2017,2017-05-18,434384,1594.0,1.0
34,New! BBOY PHYSICX // RAW PRACTICE SESSION,2021-09-28,2575,0.0,0.0
35,Where them girls at  miraculous Ladybug Break Dance AU AMV,2016-12-31,5272033,1732.0,0.0
36,Fotomachine - BBOY,2020-03-17,3137,560.0,0.0
37,BrEaK dAnCe WIP,2021-10-03,1,-5.0,0.0
38,The breakdancing opera star of Glyndebourne | Sunday Times Culture,2019-08-12,70120,778.0,0.0
39,Bboy ' Basic Toprock ' Training Mix,2019-11-27,70388,671.0,0.0
40,Bboy Wing @ Radikal Forze Jam 2018,2021-03-10,4294,202.0,1.0
41,Break Dance In Jeeto Pakistan - Must Watch :D,2017-07-03,1910034,1548.0,0.0
42,Break Dance - Hentrich (Offride) Video Oktoberfest Erfurt 2021,2021-10-02,379,-4.0,0.0
43,AIRFLARE TUTORIAL | Master the Airflare | Learn to Breakdance,2020-02-27,308492,579.0,1.0
44,BBOY IGRI BOZZ || WORLD BBOY CLASSIC 2017,2017-06-20,2507,1561.0,1.0
45,BBoy Lorenzo - Breakdance - TIME TO DANCE,2018-05-11,7172608,1236.0,1.0
46,Free Fire Live Extremathon - Permanent Cupid Scar & Break Dancer Bundle Giveaway,2020-06-28,2511473,457.0,0.0
47,B-Boy Lil Zoo vs. B-Boy Onel | BREAK THE GAME | Season 6,2021-04-23,66387,158.0,1.0
48,Breakdancing could make Olympics debut at Paris 2024 | ITV News,2019-02-21,10636,950.0,0.0
49,BBOY VICTOR // PRACTICE SESSION,2021-07-16,3981,74.0,1.0
50,Ï†ú ÌåîÍøàÏπòÎäî Î¨¥Ï†ÅÏûÖÎãàÎã§  #Shorts #bboy #dance,2021-10-03,182,-5.0,0.0
51,BBOY PLUTO üá∫üá¶ RUFFNECK ATTACK,2021-08-06,409,53.0,0.0
52,Bboy Ratin Trailer (Brazil/Killa Rockers),2021-01-10,1515,261.0,0.0
53,Brazil Beach- Amazon acrobatics Bboy Kapu [Rio De Janeiro],2018-09-10,16667,1114.0,0.0
54,Bboy Lilou is Back! Red Bull BC One Battle-X France 2021,2021-09-03,938,25.0,1.0
55,B-boy _ Dalas l'ecole ( clip officiel ) prod by : (  bnaslem ),2021-06-19,7477,101.0,0.0
56,üíñDance plus season 4 üíñbreak dance üíûfull screen WhatsApp statusüíû,2020-09-14,9627622,379.0,0.0
57,3 Famous Dance Moves | Footwork Tutorial in Hindi | Simple Hip Hop steps for beginners,2018-11-22,33546839,1041.0,0.0
58,bboy mario BBIC 2021 world final #shorts,2021-09-29,557,-1.0,0.0
59,Bboy Nookcingz ChillDays 2020,2021-10-01,0,-3.0,0.0
60,Lil Kev vs. Kid Colombia | Top 16 | Red Bull BC One World Final 2018,2018-09-30,2020429,1094.0,0.0
61,B-Boy Kid Karam | World Bboy Classic Feature Series,2020-09-17,1903,376.0,0.0
62,break dance Red Bull,2009-01-30,1122253,4624.0,0.0
63,B-Boy Kid Colombia | World Bboy Classic Feature Series,2020-10-07,2595,356.0,1.0
64,Bboy Mounir Trailer 2020 | Vagabonds Crew,2020-08-26,18803,398.0,0.0
65,"BBOY VICTOR & BBOY TAISUKE Recap | Red Bull Dance Tour Tokyo, Japan",2021-06-26,7122,94.0,0.0
66,Summer Heights High (DELETED SCENE) - Jonah - Breakdancing,2016-01-05,72327,2093.0,0.0
67,La jirafa que hace break-dance | BabyTV Espa√±ol,2013-06-23,2330168,3019.0,0.0
68,YAKUZA 0: Breakdancing Majima,2017-01-27,1562,1705.0,0.0
69,[CHOREOGRAPHY] BTS (Î∞©ÌÉÑÏÜåÎÖÑÎã®) Dance break Practice,2013-07-04,10940526,3008.0,0.0
70,Kastrito vs. Palmer + TIEBREAKER // BREAK FREE DAY 2021 // TOP 8 Bboy,2021-07-22,13860,68.0,0.0
71,"East side bboys VS Intact, Beetle, Johnny Fox",2021-06-06,1946,114.0,0.0
72,WTF old man breakdancing  (60 years old),2012-10-27,387190,3258.0,0.0
73,What slow Mo break dance,2021-09-30,294,-2.0,0.0
74,Bboy Amir at Unbreakable 2021,2021-09-25,7748,3.0,0.0
75,Bboy Dnilson x Bboy M√°rio bros | RED BULL BC ONE 2021,2021-09-23,61,5.0,1.0
76,TEAM MALAYSIA VS EAST RIDER CREW | Final Crew | Indonesia Bboy Championship 2018,2018-10-01,41447,1093.0,1.0
77,Kid Breaks World Record BREAKDANCE on Kids Got Talent China | Got Talent Global,2018-08-09,80753,1146.0,1.0
78,Free Fire Gold royale break dance bundle,2021-10-01,9,-3.0,0.0
79,‚ÄúLOCO‚Äù - ITZY DANCE COVER (Chorus+Break dance),2021-10-01,1486,-3.0,0.0
80,Stepper vs Ozzi / BBOY TOP 8 / NK Breaking 2021,2021-09-15,5027,13.0,0.0
81,bboy  danny & bboy abhimanyu ‚ù§ #bboy #bboying #bgirls #bboyworld #bboymusic #redbullbcone #power,2021-10-02,16,-4.0,0.0
82,Capoeira meets Breakdancing- BBoy Neguin Compilation Best of,2019-02-11,126382,960.0,1.0
83,Bboy Music Mixtape 2021 | Ultimate Bboy Breaks,2021-06-17,13839,103.0,1.0
84,Breakdancing midget scene from Adhisaya Piravi |  Rajinikanth,2020-01-24,23913,613.0,0.0
85,Breakdancing bug lol,2021-10-01,709,-3.0,0.0
86,ITZY 'LOCO' dance cover (break dance) #ITZY #LOCOChallenge #Shorts,2021-09-30,54,-2.0,0.0
87,Break-Dancing to Tchaikovsky in the Hip Hop Nutcracker,2016-12-20,75933,1743.0,0.0
88,THESIS vs. JEFF // BREAK X GRAND JAM 2021 // BBOY TOP 8,2021-04-25,38056,156.0,0.0
89,Breakdancing How to Baby Swipe Tutorial,2008-10-30,157815,4716.0,1.0
90,breakdancing facial expression lessons [HQ],2010-01-13,24695,4276.0,0.0
91,windmill ‚ú®‚úåÔ∏è power moves üå∏. #windmill #fyptreding #viral #bboying #bboy,2021-10-02,6,-4.0,0.0
92,The funky business of kids‚Äô competitive break dancing,2018-01-29,5513,1338.0,0.0
93,BBOY CICO(ITALYüáÆüáπ) POWERMOVES REMAKE 2021 1080p‚Å∂‚Å∞,2021-04-07,4380,174.0,1.0
94,respect best break dance movie moment #1 #shorts,2021-10-01,1138,-3.0,0.0
95,Dua Lipa - Break Dance (Then and Now),2019-12-05,3161371,663.0,0.0
96,üî¥[Live] Ï†ú67Ìöå Î∞±Ï†úÎ¨∏ÌôîÏ†ú / ÌïúÎ•òÏõêÏ°∞ B-boy Í≤ΩÏó∞ÎåÄÌöå  / 10Ïõî 2Ïùº (ÌÜ†)  18:00 ~ 21:00,2021-10-02,2809,-4.0,0.0
97,Ghoomar - Baba Jackson | New Dance Video 2020,2020-07-29,7585983,426.0,0.0
98,Deca Dance Huss Break Dance On Ride POV HD GoPro,2019-04-23,34854,889.0,0.0
99,"Flashdance 1983 movie Breakdance scene ""It's Just Begun"" Jimmy Castor Bunch",2011-06-12,298667,3761.0,0.0
100,Growing up Black and break dancing in South Central Los Angeles,2021-08-19,57,40.0,0.0
101,LISA - Intro + MONEY + LALISA + Dance Break (Award Show Perf. Concept),2021-09-13,134100,15.0,0.0
102,[BANGTAN BOMB] 'Dynamite' Dance Break (BTS focus) @ 2020 MMA - BTS (Î∞©ÌÉÑÏÜåÎÖÑÎã®),2020-12-11,6670243,291.0,0.0
103,[K-POP IN PUBLIC | ONE TAKE] ITZY (ÏûàÏßÄ) - LOCO (FULL BREAK) Dance Cover by BLOOM's Russia,2021-09-29,61401,-1.0,0.0
104,Breakdancing coming to the Olympics,2021-06-07,539,113.0,0.0
105,"BBOY LAGAET ""MOMENTUM CREW""",2021-08-02,215,57.0,1.0
106,Razor breakdancing after the Crusaders win,2021-05-08,60181,143.0,0.0
107,BBOY NORD DIAMOND,2021-08-28,367,31.0,1.0
108,Bboy Machine at World Bboy Classic 2018,2018-07-09,125305,1177.0,1.0
109,Breakin' 1984 (6),2017-08-10,2628836,1510.0,0.0
110,How To Breakdance For Beginners,2012-04-08,1952965,3460.0,0.0
111,Men Whitout Hats - Safety Dance Remix - Robot Dance Vs. Break Dance,2017-11-07,12406824,1421.0,0.0
112,Irene Cara - Breakdance (Radio Edit),2010-04-27,1199559,4172.0,0.0
113,LISA - 'LALISA' DANCE PRACTICE VIDEO,2021-09-16,27450239,12.0,0.0
114,"*OLD SCHOOL* - Breakdancing, Body Poppin & Roller disco London 1987 - Westwood",2013-01-12,12946,3181.0,0.0
115,Bboy Khalil | Trailer | Legiteam Obstrucion,2021-06-04,5652,116.0,0.0
116,Bboy Battle 2021| Breakin'Vasion After Jam | Keep It Raw | Hip Hop India | Day 1 | New Delhi | P8,2021-10-03,3,-5.0,0.0
117,Chuck E.‚Äôs Spring Break Break Dance,2021-03-05,140632,207.0,0.0
118,kucing joged ! cat break dance,2021-09-26,8932,2.0,0.0
119,üî• BEST BBOY  VI·ªÜT NAM,2019-05-21,38750,861.0,0.0
120,THE MOST CRAZY üî• HIGH LEVEL BREAK DANCE 2018,2018-10-15,227872,1079.0,0.0
121,You Got Served (2004) - Opening Dance Battle Scene (1/7) | Movieclips,2019-02-19,4176565,952.0,0.0
122,The Dance Freeze Song | Freeze Dance | Scratch Garden,2020-02-10,14635314,596.0,0.0
123,The Prodigy - Diesel Power (Break dance),2017-04-02,1482669,1640.0,0.0
124,Trailer Bboy Lil Zoo 2021,2021-06-27,1279,93.0,1.0
125,Bboy brahood üáπüáø VS mzushi Africa üá∞üá™ Call out battle in Nairobi #Kenya #ENTERTAINMENT #BATTLE,2020-03-11,2872,566.0,0.0
126,FORTNITE DANCE OFF! Fun Dance Tabata Workout  PE activity or BRAIN BREAK!,2021-02-06,224015,234.0,0.0
127,Bboy Power Moves 2018 HD,2018-02-02,27586,1334.0,0.0
128,Breakdancing Thanos,2019-04-25,20505,887.0,0.0
129,1980‚Äôs Break Dancing Dynamic Rockers Floor Masters,2018-08-07,30101,1148.0,0.0
130,Bboy Music 2021- Bboy track / Breaking music (parte 2),2021-04-05,688,176.0,0.0
131,Famous Breakdancing GORILLA is at it Again!,2021-09-24,2148,4.0,0.0
132,Best Bboy Music Of Dj Fleg | Top Tracks 2015 - 2021 / Best Motivational Bboy Training Music,2021-04-23,87703,158.0,1.0
133,Bboy Battle 2021| Breakin'Vasion After Jam | Keep It Raw | Hip Hop India | Day 1 | New Delhi | P5,2021-10-03,3,-5.0,1.0
134,Fusik - Funktana | BBOY BEAT | BreakBeat | BBOY MUSIC 2021,2021-10-02,96,-4.0,0.0
135,RUN BBOY VS TIE BREAK .// BBOY FRANCE 2019 CREW VS CREW (Part 1 ),2019-12-01,1599,667.0,0.0
136,i didn't expect thisü§Øüò± #breakdance #amezing #shortsviral #trendingstatus,2021-10-01,739,-3.0,0.0
137,"Lubiƒô ta≈Ñczyƒá BreakDance, Loombard promo.",2021-10-03,60,-5.0,0.0
138,KIDZ BOP Kids - KIDZ BOP Shuffle (Dance Along),2016-03-04,52662514,2034.0,0.0
139,"what styles are viable + why breakdancing, karate, taekwondo, and military are viable",2021-09-27,160,1.0,0.0
140,B-girl Xiu≈üa | BreakDance,2021-09-26,143,2.0,0.0
141,BBOY CHO JUDGE SHOW CASE .// BREAK THE FLOOR 2020,2020-02-03,11952,603.0,0.0
142,'This is not a joke' - breakdancing will be in the 2024 Olympic Games,2020-12-07,3944,295.0,0.0
143,BEST Dance Talent Tik Tok Compilation #Breakdance,2018-11-04,17517,1059.0,0.0
144,Guile's Theme Goes With Everything - Breakdancing Bear,2012-12-14,2329,3210.0,0.0
145,KEEP YOUR DREAMS VS DANCING ON AIR//BBOY CITY 2021//AUSTIN TX,2021-10-02,99,-4.0,0.0
146,Breakin' 1984 (6),2017-08-10,2628836,1510.0,0.0
147,Bboy Lilou at World Bboy Classic 2018,2018-07-11,750955,1175.0,1.0
148,Bboy Pandia| Bhubaneswar| Odisha | Breakdance Olympic,2021-10-02,25,-4.0,0.0
149,Bboy Flam - 17 years of breakdancing,2019-01-01,3037,1001.0,0.0
150,INSANE POWERMOVES AND TRICKS 2018// BEST BBOY COMPILATION // PAAW,2018-02-04,1166167,1332.0,0.0
151,Break dance PASOS B√ÅSICOS - Como APRENDER BREAK DANCE paso a paso,2018-03-09,687332,1299.0,0.0
152,B - BOY POCKET #SHORTS,2021-05-10,4950197,141.0,0.0
153,ITZY - 'Wannabe' DANCE BREAK Dance Cover | KVN Barrera,2021-02-14,725709,226.0,0.0
154,NEW UPDATE EMOTE + BREAK DANCER BUNDLE üôÇ,2021-09-29,12208,-1.0,0.0
155,üò† SPIN TO GET BREAK DANCER BUNDLE üòç | HOW TO GET LEGENDRY ITEM | RIP DIAMONDS |GARENA FREE FIRE,2019-11-07,1258321,691.0,0.0
156,Dytto | FRONTROW | World of Dance Bay Area 2015 #WODBAY2015,2015-04-26,48311162,2347.0,0.0
157,tiny kid break dancing,2008-05-06,3472180,4893.0,0.0
158,Break Dance Gr√ºnberg + Kaiser offride Herbst in Erding 2021,2021-10-03,6,-5.0,0.0
159,BreakDance Mix - BreakDance Music - Breaks 2016,2016-02-27,107457,2040.0,0.0
160,#3 Breakdance 1990,2021-10-01,12,-3.0,0.0
161,Snow: The Breakdancing Husky!,2014-04-05,181227,2733.0,0.0
162,"Bboying in public || Breakdance on streets in front of peoples || best moves, public reactions ||",2019-09-09,336537,750.0,0.0
163,Bboy Junior -vs- Bboy Neguin / Breakin' Freestyle Battle / 310XT FILMS / URBAN DANCE SHOWCASE,2016-08-06,7018157,1879.0,1.0
164,Arsex & Wild Willy vs Hong 10 & Ronnie | WORLD BBOY CLASSIC 2016,2016-06-09,61337,1937.0,0.0
165,World Bboy Legends,2015-07-05,98175,2277.0,0.0
166,TOP 10 Best Powermoves Sets of 2018,2018-12-26,20341612,1007.0,0.0
167,U.S. Olympic and Paralympic Museum offering a breakdancing performance,2021-08-04,128,55.0,0.0
168,BREAKDANCING,2020-12-19,13256,283.0,0.0
169,"TAIPEI BBOY CITY ft. Noe, Shigekix, Onel, LegoSam, Kuzya and more | @yakfilms x Lean Rock B.Bravo",2019-02-09,74289,962.0,1.0
170,Police Pursuit Ends In a Break Dance,2019-04-01,163724,911.0,0.0
171,TOP 10 BBOY Sets VOL6 (BreakDance Compilation 2021),2021-01-22,27583,249.0,0.0
172,Break dance van sipkema najaars kermis Apeldoorn,2021-10-01,12,-3.0,0.0
173,BBoy Dotado X BBoy bonnes | BBoy Kapu X BBoy Flash | Semifinal | RedBull BC One Curitiba Brasil 2021,2021-09-30,45,-2.0,1.0
174,BEST JUDGE SHOWCASE | BBOY MENNO üá≥üá±,2021-09-19,911,9.0,1.0
175,B-Boy Issin vs. B-Boy ShoÔΩúRed Bull BC One Cypher Kawasaki 2021,2021-08-30,28691,29.0,1.0
176,BBOY FUNT Recap | Champion | Powermove Battle Combonation x3,2021-09-03,2526,25.0,0.0
177,Breakdance camera experimentation - B-Boys in Motion,2011-10-28,130966,3623.0,0.0
178,"Â≤°ÊùëÈöÜÂè≤ a.k.a B-BOY ""KID"" „Éñ„É¨„Ç§„ÇØ„ÉÄ„É≥„ÇπÁïå„ÅÆÁúü„ÅÆ„É¨„Ç∏„Çß„É≥„Éâ #Shorts‚Äã‚Äã",2021-04-27,1076859,154.0,0.0
179,Break dancing dentist opens office in southeast Portland,2019-01-02,2544,1000.0,0.0
180,respect Break Dance Power Moves üíØ üí™,2021-09-20,8576,8.0,0.0
181,respect Break Dance Power Moves üíØ üí™,2021-09-23,9153,5.0,0.0
182,How Dave Bautista Went From Breakdancer To Movie Star | Netflix,2021-05-31,28510,120.0,0.0
183,Bboy Europe 2017 [Official Trailer] // Bboy World // Bboy Europe 2017,2017-07-23,50597,1528.0,0.0
184,7 Bboy Swipe Entries,2018-09-11,15152,1113.0,0.0
185,A Dedication to B-Boy T-Rock // THE KNOWLEDGE DROP | BBOY DOJO,2021-05-08,783,143.0,0.0
186,Watch | Japanese dancer wins breakdancing world final,2016-12-06,1364,1757.0,0.0
187,Bboy Mini Joe at World Bboy Classic 2018,2018-07-14,6581,1172.0,1.0
188,a bug breakdancing,2021-09-29,11,-1.0,0.0
189,Kid Dynamite Vs Lorenzo - Finals  Youth Battle - Silverback Open 2018 - Pro Breaking Tour - BNC,2018-10-31,4128292,1063.0,1.0
190,Break Dance Moves For Beginners - The 3 Step,2017-02-20,29594,1681.0,1.0
191,Breakdancing to make Olympic debut at 2024 Paris games | ITV News,2020-12-08,3124,294.0,0.0
192,Bboy Music // Dj Fleg & Dj Igorskee - Bboy Battle Mixtape,2020-08-10,196346,414.0,0.0
193,WHY BBOYS ARE BROKE -PRESENTED BY DYZEE & FLEAROCK,2021-09-28,2498,0.0,0.0
194,Dance Electric Violinist Highlights - Breakdancing Violinist - Hip Hop Violinist !,2016-06-07,151336,1939.0,0.0
195,BC ONE SQUAD VS KEEP YOUR DREAMS// TOP 8// BBOY CITY 2021//AUSTIN TX//#DJBLESSONE,2021-10-02,134,-4.0,1.0
196,Electro Rock vs TKO,2007-04-08,27035248,5287.0,0.0
197,Back To The 80s  Old Skool Breakdance Mix,2021-03-08,53168,204.0,0.0
198,Breakdancing jew,2017-01-25,95,1707.0,0.0
199,Unbelievable 6 Year Old Girl Break Dancing,2013-03-04,11169878,3130.0,0.0
200,Freestyle Football & Breakdancing filmed with ultraLUUV & GoPro,2016-10-06,64,1818.0,0.0
201,Bboy Music Mixtape 2019/02/14,2019-02-14,1218649,957.0,0.0
202,The Best Electro Freestyle Mix 3 (Volt | Amazing Break Dance),2021-03-25,169458,187.0,0.0
203,free fire luck Royal bundle character magic Kyun break dance bundle please subscribe my YouTube,2021-10-02,5,-4.0,0.0
204,#BBoy Final Battle | Flying Machine Vs Wildchild | Red Bull Bc One 2021 - India Cypher,2021-09-04,6764,24.0,1.0
205,freez #bboying #bboy #dance,2021-10-02,5,-4.0,0.0
206,Jennie - Solo Dance Break transition from Dance Practice to The Show,2021-02-09,1966932,231.0,0.0
207,Jabbawockeez at World of Dance Bay Area 2014,2014-08-18,49720560,2598.0,0.0
208,The Most Memorable Breakdancing Movies of All Time,2021-01-21,737,250.0,0.0
209,BBOY ISSIN (Body Carnival/Okayama) Recap | Red Bull BC One Cypher Kawasaki 2021,2021-08-31,4185,28.0,1.0
210,bboy. tutorial break dance,2021-10-02,5,-4.0,0.0
211,Ji Changmin's Thrill Ride Break Dance at TMA 2021,2021-10-02,33,-4.0,0.0
212,bboy cyga power move variation,2021-09-05,115,23.0,0.0
213,Breakdance Final BATTLE 2012      USA vs Jinjo Crew KOREA _ R16 bboy,2012-10-10,5062596,3275.0,1.0
214,Bboy Issin at Red Bull BC One Kawasaki City Cypher 2021 ‚îÇ FEworks,2021-09-03,9108,25.0,1.0
215,BBOY PHIL WIZARD Recap | Canada Dance Sport National Qualifier 2021,2021-08-15,394,44.0,1.0
216,Meet Hero: the BREAKDANCING Dog! üê∂ Nickelodeon's Unleashed,2020-11-16,52630,316.0,0.0
217,Popping cat üî•üî•üî•üêï‚ù§Ô∏è #shorts #dance #cats #breakdance #popping,2021-09-30,295,-2.0,0.0
218,"TRICKING vs BREAKDANCING vs PARKOUR | Ido Portal on B-boying, Hip Hop & Free Running | London Real",2017-08-08,38524,1512.0,0.0
219,bboy zoopreme musicality 2021,2021-08-01,4763,58.0,1.0
220,BREAKDANCING PRIESTS AT #SEEK2017,2017-02-08,4510,1693.0,0.0
221,Ill Kidz vs DTown Push [all styles - top 8] // stance // BBOY CITY 2021,2021-09-30,1314,-2.0,0.0
222,Men Whitout Hats - Safety Dance Remix - Robot Dance Vs. Break Dance,2017-11-07,12407141,1421.0,0.0
223,New Generation #bboy #hiphop #breakdance #bboyworld #newgeneration,2021-09-30,792,-2.0,0.0
224,B-Boy Menno vs. B-Boy Alkolil | BREAK THE GAME | Season 6,2021-04-16,105626,165.0,1.0
225,How to Windmill by Breakdancing Ninja,2012-01-05,46695,3554.0,0.0
226,BC ONE SQUAD VS HAVIKORO//BBOY CITY 2021 AUSTIN TX//CREW VS CREW FINALS// #DJBLESSONE,2021-09-27,5024,1.0,1.0
227,How to Knee Switch (Hip Hop Dance Moves Tutorial: Breakdance) | Mihran Kirakosian,2016-09-30,148023,1824.0,0.0
228,–°–£–ú–ê–°–®–ï–î–®–ò–ô –ü–ê–†–ï–ù–¨ BBOY LUSSY SKY,2018-06-23,7822028,1193.0,0.0
229,"New Politics - ""Harlem"" LIVE (+ Breakdancing!) at Billboard's Studio",2013-08-22,112730,2959.0,0.0
230,How To Sweep Breaking Dance Tutorial with Neguin | Break Advice: The Fundamentals,2018-09-02,23368,1122.0,0.0
231,Breakdance The Movie [AKA: Breakin'] Original Movie Trailer [1984],2011-03-21,63911,3844.0,0.0
232,Taught the girl how to do Flares - BreakDance Step-by-Step,2021-09-30,38674,-2.0,0.0
233,K-POP RANDOM DANCE | BREAK DANCE/ENDING 2021,2021-07-21,12459,69.0,0.0
234,"HARDER, BETTER, FASTER, STRONGER",2018-09-22,2911882,1102.0,0.0
235,Korean Breakdancing World Championships - R16,2010-07-06,158636,4102.0,0.0
236,Bboy Music mixtape breakdance Hip Hop Break dance nueva Musica Beats mix 2021 BBoyMusic breaking,2021-05-04,376,147.0,0.0
237,"Bboy Lagaet, Momentum ‚Ä¢ 2020 Trailer",2020-08-05,19168,419.0,1.0
238,üò±üò±#Break Dance# üò±üò±,2021-10-02,3,-4.0,0.0
239,John gets shot for illegal breakdancing,2021-07-27,46,63.0,0.0
240,break dance bundle easy is a my game,2021-10-02,4,-4.0,0.0
241,DEF CUT - Come on : Bboy Track Choreography,2018-12-28,44398,1005.0,0.0
242,break dance edit ||Roblox||,2021-09-30,930,-2.0,0.0
243,BREAKDANCING IN BRAZIL,2017-11-29,888,1399.0,1.0
244,"BUSTA RHYMES on making his debut single ‚ÄòWoo Hah‚Äô , Breakdancing as a kid Living in the UK, ELE2",2020-11-12,418,320.0,0.0
245,Criollo Style Battle Pro Final 1vs1 Final BABY Lil E VS Alexis 2018,2018-10-21,72726749,1073.0,0.0
246,ImDontai Reacts To DOJA CAT Breakdancing,2021-02-15,64840,225.0,0.0
247,BREAKDANCE - TOP 10 BEST SETS OF THE YEAR,2011-12-13,2261652,3577.0,1.0
248,Break Machine - Break Dance Party,2009-02-04,538052,4619.0,0.0
249,ayo what sakuya breakdancing,2021-10-01,24,-3.0,0.0
250,BBOY ZEKU vs. GRAVITY // Space City Classic 2021 // MAIN CAMERA // FINALS,2021-03-08,85898,204.0,1.0
251,Focus on Jimin Breakdance #butter #bts  #jimin #jiminah,2021-09-28,2021,0.0,0.0
252,"Jake Paul's Open Workout Of Yoga & Breakdancing As Tyron Woodley, Tommy Fury & Daniel Dubois Train",2021-08-26,61337,33.0,0.0
253,Breakdancing is coming to the Olympics,2020-12-08,14765,294.0,0.0
254,The Breakdancing Teacher,2014-03-10,72243,2759.0,0.0
255,Breakdance We Gonna Rock It [HD],2015-04-15,708318,2358.0,0.0
256,vartika jha with sanchit best break dance || super dancer 4,2021-04-13,1045012,168.0,0.0
257,Johnny Ahn  - Breakdancing Reel,2015-11-24,502,2135.0,0.0
258,Bboy Lilou & bboy Lagaet vs bboy Menoo & bboy North Diamond // final //UDS 2021 HD,2021-07-31,4116,59.0,1.0
259,"Yes, this really is Prince Charles breakdancing in 1985!",2019-02-21,79320,950.0,0.0
260,B-boy Lil G 2021,2021-03-22,2903,190.0,0.0
261,Breakdancing- Sweet Lu,2013-11-11,1471,2878.0,0.0
262,BBOY SMIGLOCK VS BBOY DNILSON(RED BULL BC ONE FORTALEZA 2021),2021-09-12,470,16.0,0.0
263,Bboy Lil G at World Bboy Classic 2018,2018-07-12,26280,1174.0,0.0
264,Theron Guard BREAKDANCING! (Hilarious),2010-04-14,15737,4185.0,0.0
265,Routine Fire #bboy #breakdance #hiphop #bboyworld,2021-10-02,505,-4.0,0.0
266,Best Moments of World BBoy Classic,2015-03-18,61120,2386.0,0.0
267,WE MADE THE FRONT PAGE OF THE EVENING STANDARD! BREAKDANCING EX-BANKER FOR YOUR NEXT MAYOR üëÄüëäüá¨üáß,2021-04-14,6735,167.0,0.0
268,Breakdance 1984 Break Dance TOP,2008-11-30,1087590,4685.0,0.0
269,practice to toprock üôÉ #like #youtube #bboynickindia #breaking #bboying #breakdance #bboy #practise,2021-10-03,3,-5.0,1.0
270,How to Start Breakdance - 1 STEP TUTORIAL,2019-09-20,13536,739.0,1.0
271,BBOY PALMER Recap | Red Bull BC One Cypher Houston 2021,2021-08-16,705,43.0,0.0
272,Fik-Shun | FRONTROW | World of Dance Hawaii 2016 | #WODHI16,2016-01-28,45604522,2070.0,0.0
273,How to Do a No-Handed Windmill | Break Dancing,2013-05-16,116316,3057.0,0.0
274,Stuttgart Breakdancing - Hand Spinning,2012-10-22,7733,3263.0,0.0
275,FURSUIT BREAKDANCING || Anthro Northwest 2019 Vlog,2019-12-04,68886,664.0,0.0
276,Gecko Zen starts breakdancing,2021-05-04,68638,147.0,0.0
277,Bboy Battle 2021| Breakin'Vasion After Jam | Keep It Raw | Hip Hop India | Day 1 | New Delhi | P16,2021-10-03,4,-5.0,1.0
278,The Replacements  -Breakdancing In The Slime  -(Dan Baird),2021-06-24,7258,96.0,0.0
279,Michael Jackson's Best Dance Breaks,2017-05-24,2911689,1588.0,0.0
280,RECAP *BBOY FARHAN* || HIP FEST INDO QUALIFIER 2019,2021-08-17,287,42.0,0.0
281,//How to claim Break Dance Bande //In free fire//Best video for my all friends//sk gamer //,2021-10-03,2,-5.0,0.0
282,BBOY SHIGEKIX | YOUNG GUN üáØüáµ,2021-09-26,1060,2.0,1.0
283,Break dance terbaik dunia! AMAZING,2016-09-10,503756,1844.0,0.0
284,"Ryu from the Streets Breakdancing to ""SFIII: Third Strike - Character Selection Theme""",2021-05-31,20,120.0,0.0
285,Dj Zapy & Dj UraGun - Boom Bap Appeal Vol. 2 2021 | Bboy Music 4 Life 2020,2020-12-12,38597,290.0,0.0
286,JEFFRO vs. DOUG // BREAK X GRAND JAM 2021 // BBOY SEMIFINALS,2021-04-20,32576,161.0,0.0
287,US got talent Break Dance,2012-05-30,10283503,3408.0,0.0
288,‡Æ§‡Æ≤‡Øà‡Æµ‡Æ∞‡Øç ‡ÆÆ‡ØÅ‡Æ©‡Øç BREAK DANCE! Positive Facts of the much Loved King Kong!,2020-01-03,276622,634.0,0.0
289,Duo Alex & Felice - Acrobatic Dance | DDC Breakdance,2017-12-27,8408620,1371.0,0.0
290,"Bboying in public || Breakdance on streets in front of peoples || best moves, public reactions ||",2019-09-09,336537,750.0,0.0
291,BEST JUDGE SHOWCASE | BBOY TAISUKE üáØüáµ,2021-08-06,5164,53.0,0.0
292,Breakdancing is coming to the Olympics,2020-12-09,799,293.0,0.0
293,Mookkilyarajyathu - Break Dance Comedy Song,2013-08-19,74470,2962.0,0.0
294,Korean soldiers breakdancing,2007-07-12,17804,5192.0,0.0
295,BREAKDANCING - TOP 10 Best Powermoves Sets of 2018 REACTION!! | OFFICE BLOKES REACT!!,2021-03-21,9806,191.0,0.0
296,"1980s Breakdancing, Theatre Performance",2016-12-05,204,1758.0,0.0
297,"‚ÄúBreakdancing Ex-banker Brian Rose Is Throwing Everything At Taking On Khan""- THE EVENING STANDARD üëä",2021-04-16,5507,165.0,0.0
298,Menina de 6 anos envergonha meninos no festival de break dance,2016-06-14,584899,1932.0,0.0
299,BTS MMA 2020 'DYNAMITE' PERFORMANCE with DANCE BREAK,2020-12-05,549320,297.0,0.0
300,FREEFIRE NEW EVENT| FREEFIRE EXTREMATHON GIVEAWAY |PERMANENT BREAK DANCER BUNDLE GIVEAWAY | TELUGU,2021-07-08,63675,82.0,0.0
301,44 Yr Old BBoy Can Breakdance || Live Right,2015-05-24,133101,2319.0,0.0
302,Breakdance Top 14 Suicide Moves 2019  || Best Bboy Suicide moves || Bboying Power moves ||,2020-04-08,1910545,538.0,0.0
303,Chris Brown -- The INSANE Breakdance Battle | TMZ,2011-12-06,655891,3584.0,0.0
304,Lazy legs Disabled breakdancer,2006-07-22,319703,5547.0,0.0
305,ITZY ‚ÄúLOCO‚Äù Dance Tutorial | Chorus + Dance Break | Mirrored + SLOW MUSIC,2021-09-24,170975,4.0,0.0
306,JBL Unbreakable 2021 livestream,2021-09-18,27598,10.0,1.0
